num_vertex_local,k,t_mpi_local,t_mpi_mpi,t_mpi,
16,2,0.027046,0.000085,0.027131,
32,2,0.000645,0.000163,0.000808,
64,2,0.000779,0.000408,0.001186,
128,3,0.002523,0.001755,0.004278,
256,3,0.006846,0.006684,0.013530,
512,3,0.023566,0.030205,0.053771,
1024,3,0.094786,0.136124,0.230910,
2048,3,0.352409,0.586695,0.939104,
4096,3,1.514184,2.606106,4.120291,
8192,3,5.660468,11.606464,17.266932,
16384,3,22.348782,51.237482,73.586264,
32768,3,88.557656,223.473782,312.031438,
