round,t_total,t_mpi,t_rank0,comm0,comm1,comm2,comm3,comm4,
0,0.137525,0.051886,0.051583,0.000000,0.000000,0.000000,0.000303,0.017661,
1,19.524803,8.576642,0.000000,6.781307,1.780382,0.010064,0.004890,0.010352,
2,4.848540,0.356551,0.000000,0.274023,0.076401,0.005903,0.000225,0.003223,
