round,t_total,t_mpi,t_rank0,comm0,comm1,comm2,comm3,comm4,
0,0.788927,0.495474,0.495223,0.000000,0.000000,0.000000,0.000251,0.035180,
1,75.693712,31.221932,0.000000,25.138584,6.051281,0.018000,0.014067,0.019972,
2,18.725923,1.009394,0.000000,0.778408,0.219566,0.011230,0.000189,0.007100,
