round,t_total,t_mpi,t_rank0,comm0,comm1,comm2,comm3,comm4,
0,1.276841,0.112700,0.112376,0.000000,0.000000,0.000000,0.000324,0.082604,
1,335.410255,126.751948,0.000000,103.363853,23.291287,0.036127,0.060681,0.043253,
2,88.538399,4.015263,0.000000,3.839678,0.143226,0.032100,0.000259,0.024535,
